CREATE TABLE `cliente` (
  `rif` text NOT NULL DEFAULT '',
  `nombre` text DEFAULT NULL,
  `direccion` text,
  `telefono` text DEFAULT NULL,
  PRIMARY KEY (`rif`)
);

INSERT INTO `cliente` VALUES ('J-01841848-4','Noah Perry','2207 BROSS, RICHMOND, VIRGINIA, UNITED STATES, 23232','(618) 708-2352'),('J-01850994-7','Kyra Weeks','1634 SOUTH SHORE, DAYTON, OHIO, UNITED STATES, 45386','(385) 876-2622'),('J-04335834-0','Harley Vasquez','7490 YORK, CEDAR RAPIDS, IOWA, UNITED STATES, 52222','(906) 839-6094'),('J-06140312-7','Azaria Durham','3680 FORRESTVILLE, CHARLESTON, SOUTH CAROLINA, UNITED STATES, 29403 ','(724) 567-1147'),('J-06826223-9','Tyson Buckley','4720 71ST, ELIZABETH, NEW JERSEY, UNITED STATES, 07214','(443) 742-5761'),('J-07597112-3','Brady Sanchez','1563 PLYMOUTH, LOS ANGELES, CALIFORNIA, UNITED STATES, 90641','(313) 252-9889'),('J-07878405-3','Cason Salinas','7306 MALDEN, NORTH LAS VEGAS, NEVADA, UNITED STATES, 89495 ','(830) 383-9125'),('J-08227896-2','Rayan Roman','2934 STAVE, RALEIGH, NORTH CAROLINA, UNITED STATES, 27834 ','(509) 940-4649'),('J-08651520-1','Brendon Pierce','9219 KENNEDY ARMITAGE AV, ROCKFORD, ILLINOIS, UNITED STATES, 61197','(323) 263-8402'),('J-09645524-9','Kassidy Benson','6918 ROSE, GLENDALE, ARIZONA, UNITED STATES, 85058','(518) 143-7268'),('J-11055518-3','Kymani Mayo','8834 ELEANOR, LONG BEACH, CALIFORNIA, UNITED STATES, 90722 ','(315) 886-0864'),('J-18271165-0','Miller Dillard','4638 FULLERTON, PHOENIX, ARIZONA, UNITED STATES, 85470','(773) 832-5775'),('J-18276403-9','Melany Zimmerman','1512 CAMPBELL PARK, DALLAS, TEXAS, UNITED STATES, 75673','(309) 880-3065'),('J-18336112-1','Salvador Gallegos','2093 SAUGANASH, CINCINNATI, OHIO, UNITED STATES, 45261','(206) 820-0525'),('J-18508442-7','Jason Munoz','1665 62ND, ATLANTA, GEORGIA, UNITED STATES, 30206','(810) 812-6380'),('J-19265560-9','Kael Banks','835 HERMIONE, BELLEVUE, WASHINGTON, UNITED STATES, 98011','(269) 547-7940'),('J-19466585-9','Reuben Duran','9165 CHARLESTON, ANN ARBOR, MICHIGAN, UNITED STATES, 48145','(938) 738-8614'),('J-20884287-8','Lina Cummings','8866 HAWTHORNE, STAMFORD, CONNECTICUT, UNITED STATES, 06947','(516) 558-4632'),('J-21220399-2','Ivan Clarke','6878 MIDWAY AIRPORT CICERO AVE, NORTH LAS VEGAS, NEVADA, UNITED STATES, 89404 ','(765) 148-8876'),('J-21444115-6','Kaeden Vega','3283 ORLEANS, HONOLULU, HAWAII, UNITED STATES, 96292','(504) 699-6651'),('J-22704599-5','Kinsley Rosales','2939 DUNBAR, LAS VEGAS, NEVADA, UNITED STATES, 89474','(708) 159-3403'),('J-24449017-0','Parker Mercado','3885 TOUHY, SAN BERNARDINO, CALIFORNIA, UNITED STATES, 92348','(775) 496-5512'),('J-24550113-6','Cambria Bailey','7814 26TH, MADISON, WISCONSIN, UNITED STATES, 53473','(347) 896-4913'),('J-24629958-7','Yazmin Griffith','262 LAPORTE, ROCKFORD, ILLINOIS, UNITED STATES, 61121','(916) 568-9878'),('J-25088954-7','Melvin Fuentes','6677 NEWBURG, MILWAUKEE, WISCONSIN, UNITED STATES, 53876','(928) 597-3675'),('J-25184981-8','Ellis Banks','9785 MERRION, AUSTIN, TEXAS, UNITED STATES, 78641','(317) 999-9031'),('J-27059989-6','Brylee Porter','6915 COMMODORE WHALEN, KENT, WASHINGTON, UNITED STATES, 98032','(417) 517-1916'),('J-28235992-2','Elaine Stone','7200 HARRISON, MIAMI, FLORIDA, UNITED STATES, 33519','(952) 139-2483'),('J-28918637-2','Jakobe Golden','695 LE MAI, ATLANTA, GEORGIA, UNITED STATES, 30870','(678) 512-3672'),('J-31613449-0','Arthur Fleming','9231 BURNSIDE, CHULA VISTA, CALIFORNIA, UNITED STATES, 91984','(810) 766-0720'),('J-31791280-1','Lucas Barker','3947 NEWARK, BELLEVUE, WASHINGTON, UNITED STATES, 98082','(707) 567-1591'),('J-32172062-5','Cecilia Carpenter','5116 MARSHFIELD, ST. PETERSBURG, FLORIDA, UNITED STATES, 33760','(712) 265-9332'),('J-33441759-3','Maia Duke','1923 BUFFALO, MODESTO, CALIFORNIA, UNITED STATES, 95351','(608) 333-2245'),('J-33542627-5','Branson Byrd','3026 EDWARD BARRON, ST. LOUIS, MISSOURI, UNITED STATES, 63637','(909) 986-6644'),('J-34104373-2','Janet Walters','9674 LAKE SHORE DR RAMP, TEMPE, ARIZONA, UNITED STATES, 85044','(207) 589-0901'),('J-34854715-7','Clay Juarez','948 CIRCLE, AUSTIN, TEXAS, UNITED STATES, 78353','(727) 257-4179'),('J-34946240-5','Lia Dodson','1884 LEMONT, COLORADO SPRINGS, COLORADO, UNITED STATES, 80855','(863) 918-6032'),('J-35590075-5','Vanessa Anthony','6815 BELDEN, SAN BERNARDINO, CALIFORNIA, UNITED STATES, 92389','(657) 377-2585'),('J-36333586-7','Dominique Delacruz','6483 BITTERSWEET, GAINESVILLE, FLORIDA, UNITED STATES, 32659','(928) 547-8698'),('J-36437628-7','Moshe Callahan','1483 DANIEL, DALLAS, TEXAS, UNITED STATES, 75986','(910) 405-2645'),('J-37148199-1','Jackson Sweet','5686 MARCEY, BRIDGEPORT, CONNECTICUT, UNITED STATES, 06631','(802) 338-5721'),('J-38696890-3','Trenton Gaines','3674 ELEANOR, CHARLESTON, SOUTH CAROLINA, UNITED STATES, 29407 ','(303) 640-0441'),('J-40953731-3','Jaden Mcclain','9754 HAYFORD, TACOMA, WASHINGTON, UNITED STATES, 98044','(612) 275-3429'),('J-41130444-4','Ayleen Coleman','729 LINDER, WORCESTER, MASSACHUSETTS, UNITED STATES, 01607','(585) 129-8579'),('J-42021082-9','Roberto Stevens','5887 MAXWELL, SANTA ANA, CALIFORNIA, UNITED STATES, 92627','(971) 947-1696'),('J-42580526-1','Kara Chaney','9923 KEDZIE, TALLAHASSEE, FLORIDA, UNITED STATES, 32348','(848) 494-8764'),('J-42607093-5','Bowen Castillo','4266 BISHOP FORD 103RD ST, MURFREESBORO, TENNESSEE, UNITED STATES, 37190','(915) 650-4367'),('J-43371610-3','Brock Witt','670 PIPPIN, ELIZABETH, NEW JERSEY, UNITED STATES, 07231','(239) 553-9660'),('J-43980207-1','Raphael Cash','9815 RIVERDALE, YONKERS, NEW YORK, UNITED STATES, 10741','(770) 970-2831'),('J-44231574-5','Braxton Gay','7356 74TH, SPRINGFIELD, MASSACHUSETTS, UNITED STATES, 01199','(458) 909-3802'),('J-44759751-4','Mason Morrow','3371 MARYLAND, COLUMBUS, OHIO, UNITED STATES, 43143','(678) 536-9546'),('J-44839230-4','Zaniyah Albert','4036 BISHOP, CHESAPEAKE, VIRGINIA, UNITED STATES, 23382','(386) 346-3361'),('J-45126367-1','Blaine Owens','9099 MCCUTCHEON, PROVO, UTAH, UNITED STATES, 84038','(704) 139-7041'),('J-45678445-7','Lizbeth Mccormick','758 NORTHWEST, MILWAUKEE, WISCONSIN, UNITED STATES, 53855','(914) 200-0017'),('J-46528712-4','Giuliana Holland','9562 WEST WATER, PORTLAND, OREGON, UNITED STATES, 97506','(878) 543-2207'),('J-47894902-4','Demarcus Waters','8827 CONCORD, TACOMA, WASHINGTON, UNITED STATES, 98096','(609) 118-5556'),('J-48000602-7','Niko Pace','3888 GORDON, FARGO, NORTH DAKOTA, UNITED STATES, 58037','(478) 578-0087'),('J-48071118-0','Kamari Duncan','7518 VAN VLISSINGEN, CHICAGO, ILLINOIS, UNITED STATES, 60897','(425) 239-9650'),('J-48261915-1','Jake Landry','2780 KENNEDY DIVISION ST, HIALEAH, FLORIDA, UNITED STATES, 33042','(938) 985-6419'),('J-48284174-6','Roman Morgan','7362 MICHIGAN LOWER, JACKSONVILLE, FLORIDA, UNITED STATES, 32044','(458) 339-2685'),('J-48920612-3','Houston Luna','4855 WACKER LOWER, PROVIDENCE, RHODE ISLAND, UNITED STATES, 02885','(972) 576-7738'),('J-49143420-8','Quinn Diaz','7180 BOND, SAVANNAH, GEORGIA, UNITED STATES, 31356','(774) 166-6629'),('J-49626964-8','Brantley Cannon','6876 BIRCHWOOD, SPRINGFIELD, MISSOURI, UNITED STATES, 65718','(684) 566-3925'),('J-51818437-4','Giancarlo Bentley','504 FERDINAND, PHOENIX, ARIZONA, UNITED STATES, 85493','(574) 691-4884'),('J-51862948-6','Aryan Preston','8791 MEMORY, LEXINGTON, KENTUCKY, UNITED STATES, 405816','(347) 727-7836'),('J-53919926-6','Juan Carney','5179 MIES VAN DER ROHE, NASHVILLE, TENNESSEE, UNITED STATES, 37914 ','(937) 525-1227'),('J-54266235-1','Jade Dunlap','2762 BRAINARD, SYRACUSE, NEW YORK, UNITED STATES, 13251','(828) 537-6717'),('J-54933533-4','Josiah Wooten','7256 FRANCISCO, INDEPENDENCE, MISSOURI, UNITED STATES, 64001','(617) 534-4974'),('J-55060399-3','Catalina Gillespie','3328 LSD GRAND AV, BATON ROUGE, LOUISIANA, UNITED STATES, 70697','(619) 138-9575'),('J-55584952-4','Mohamed Norman','1144 FIFTH, WARREN, MICHIGAN, UNITED STATES, 48041','(440) 879-3873'),('J-55764763-4','Scott Oneil','484 ADA, KANSAS CITY, KANSAS, UNITED STATES, 66006','(252) 341-0262'),('J-56321111-3','Hendrix Carver','6166 KENNEDY LOGAN BL, OVERLAND PARK, KANSAS, UNITED STATES, 66267','(570) 787-1631'),('J-56779407-8','Desmond Frazier','8220 LSD COLUMBUS DR, BOISE CITY, IDAHO, UNITED STATES, 83116','(309) 310-4431'),('J-56920568-9','Jerimiah Wood','8404 LSD MICHIGAN AVENUE, SAVANNAH, GEORGIA, UNITED STATES, 31324','(567) 270-7455'),('J-57167997-8','Katie Gilbert','3837 ROCKWELL, GAINESVILLE, FLORIDA, UNITED STATES, 32615','(978) 554-8145'),('J-57653210-1','Jayce Heath','248 JOURDAN, EL PASO, TEXAS, UNITED STATES, 79064','(731) 284-5788'),('J-58509560-7','Derek Booker','3449 SCHICK, LAS VEGAS, NEVADA, UNITED STATES, 89352','(214) 736-3837'),('J-59077377-0','Maritza Case','6545 CORCORAN, SYRACUSE, NEW YORK, UNITED STATES, 13255','(989) 917-1455'),('J-59302576-7','Angelique Campos','7115 ROCHDALE, DURHAM, NORTH CAROLINA, UNITED STATES, 27420 ','(773) 641-8863'),('J-59826586-3','Preston Ferguson','5072 MOODY, CARY, NORTH CAROLINA, UNITED STATES, 27513','(479) 243-1424'),('J-59917678-4','Alannah Watkins','118 NAPOLEON, ST. PETERSBURG, FLORIDA, UNITED STATES, 33714','(307) 101-7298'),('J-59947990-3','Angel Barnett','6504 54TH, CHARLESTON, SOUTH CAROLINA, UNITED STATES, 29405 ','(671) 999-6074'),('J-60603549-6','Izayah Rasmussen','9776 LAWRENCE, NEWARK, NEW JERSEY, UNITED STATES, 07103','(224) 641-5731'),('J-60779598-5','Lorenzo Hood','7618 40TH, LAS VEGAS, NEVADA, UNITED STATES, 89425','(585) 522-8886'),('J-62330749-3','Olive Weiss','3638 ST LAWRENCE, INDEPENDENCE, MISSOURI, UNITED STATES, 64038','(936) 296-9916'),('J-62979502-8','Destiny Kane','6026 LILL, BIRMINGHAM, ALABAMA, UNITED STATES, 35045','(812) 135-6061'),('J-64471103-0','Randy Cherry','7439 25TH, AMARILLO, TEXAS, UNITED STATES, 79105','(478) 650-1415'),('J-64516585-5','Finn Good','2683 RIVER, HENDERSON, NEVADA, UNITED STATES, 89090','(989) 198-4901'),('J-64937713-9','Josiah Mcgowan','8989 GROVE, SPRINGFIELD, MASSACHUSETTS, UNITED STATES, 01123','(803) 627-9416'),('J-66044204-6','Keon Knight','4068 31ST, AUSTIN, TEXAS, UNITED STATES, 78772','(713) 693-8881'),('J-66380337-0','Harley Ochoa','1316 BURLEY, LUBBOCK, TEXAS, UNITED STATES, 79374','(619) 176-6699'),('J-67467459-1','Aliza Howard','5600 AVENUE O, STOCKTON, CALIFORNIA, UNITED STATES, 95165 ','(908) 298-4930'),('J-67550339-3','Kolby Prince','9701 NEWGARD, AUSTIN, TEXAS, UNITED STATES, 78520','(573) 676-4936'),('J-69211081-3','Addilyn Lang','6031 CIRCLE, SEATTLE, WASHINGTON, UNITED STATES, 98589','(702) 692-7774'),('J-70015914-4','Antoine Newman','7929 LARNED, SAVANNAH, GEORGIA, UNITED STATES, 31378','(440) 900-7183'),('J-70055657-2','Alison Castro','5208 LUTHER, FRESNO, CALIFORNIA, UNITED STATES, 93891','(267) 807-4109'),('J-71090104-9','Prince Morales','4937 LEOTI, MIAMI, FLORIDA, UNITED STATES, 33061','(574) 173-4812'),('J-71517469-9','Fernanda Abbott','3695 GIVINS, AKRON, OHIO, UNITED STATES, 44300','(832) 156-4613'),('J-73001090-0','Dean Ayala','4531 AVENUE D, SYRACUSE, NEW YORK, UNITED STATES, 13249','(308) 945-5484'),('J-73160942-3','Diamond Hebert','3633 LYNDALE, IRVINE, CALIFORNIA, UNITED STATES, 92671','(442) 275-7667'),('J-73592108-9','Kimber Solis','7392 75TH, ANAHEIM, CALIFORNIA, UNITED STATES, 92833','(603) 449-1977'),('J-74140429-6','Nadia Gregory','3108 ST HELEN, PROVIDENCE, RHODE ISLAND, UNITED STATES, 02824','(618) 743-3670'),('J-74565903-7','Alyson Cervantes','5292 PINE GROVE, COLUMBUS, GEORGIA, UNITED STATES, 31962','(386) 827-5548'),('J-74697898-4','Junior Estrada','9850 HARTWELL, FORT COLLINS, COLORADO, UNITED STATES, 80532','(270) 151-0657'),('J-75016684-5','Aryan Leonard','1523 LSD MICHIGAN AVENUE, ALEXANDRIA, VIRGINIA, UNITED STATES, 22227','(339) 196-8652'),('J-75301388-4','Helena Schneider','4246 WILMOT, LINCOLN, NEBRASKA, UNITED STATES, 68898 ','(301) 188-3443'),('J-75343576-9','Charlotte Wiggins','5932 I57 112TH ST, BOISE CITY, IDAHO, UNITED STATES, 83918','(816) 380-2445'),('J-75422188-7','Franklin Bush','5253 LORING, WEST VALLEY CITY, UTAH, UNITED STATES, 84050','(620) 871-0837'),('J-75892745-8','Lindsey Livingston','4465 OGLESBY, SURPRISE, ARIZONA, UNITED STATES, 85335','(618) 696-4152'),('J-76030410-9','Alberto Donovan','7703 DAN RYAN TAYLOR ST, SALEM, OREGON, UNITED STATES, 97387','(218) 920-8043'),('J-77923792-9','Antonio Russo','6971 LIVERMORE, COLORADO SPRINGS, COLORADO, UNITED STATES, 80528','(517) 382-2454'),('J-78320939-1','Kaitlyn Robinson','5292 RANDOLPH LSD, COLUMBUS, OHIO, UNITED STATES, 43790','(603) 666-2621'),('J-78905787-0','Xander Case','9278 30TH, OXNARD, CALIFORNIA, UNITED STATES, 93017','(443) 171-7788'),('J-79131861-6','Gisselle Best','8152 EISENHOWER FRANKLIN ST, WARREN, MICHIGAN, UNITED STATES, 48074','(502) 434-9123'),('J-80859492-6','Angel Buckner','8838 KOSTNER, BAKERSFIELD, CALIFORNIA, UNITED STATES, 93181','(973) 288-7985'),('J-81122206-4','Samiyah Adams','3723 LUTHER, DES MOINES, IOWA, UNITED STATES, 50325','(980) 776-9385'),('J-81780328-8','Mateo Ortega','3100 LEAVITT, MODESTO, CALIFORNIA, UNITED STATES, 95363','(316) 780-8018'),('J-81857503-4','Adrianna Hammond','9059 PARK SHORE EAST, CINCINNATI, OHIO, UNITED STATES, 45227','(253) 176-5816'),('J-84282480-2','Soren Lynn','4071 ELLEN, THORNTON, COLORADO, UNITED STATES, 80252','(304) 322-7912'),('J-84336284-2','Karissa Silva','1736 EDENS WILSON AV, RIVERSIDE, CALIFORNIA, UNITED STATES, 92596 ','(207) 735-8892'),('J-85074302-3','Jaydon Roman','4460 WABANSIA, BAKERSFIELD, CALIFORNIA, UNITED STATES, 93859','(615) 763-7268'),('J-85530125-6','Vivian Spencer','8842 TAYLOR, LINCOLN, NEBRASKA, UNITED STATES, 68728 ','(570) 947-4570'),('J-85547602-2','Jonathan Gillespie','835 CARROLL, MONTPELIER, VERMONT, UNITED STATES, 05678','(262) 197-7246'),('J-85646545-4','Kaiden Joyce','7337 ABBOTT, NEW YORK, NEW YORK, UNITED STATES, 10312','(252) 988-9093'),('J-86381685-3','Tyrese Miller','1756 FAIRFIELD, OLATHE, KANSAS, UNITED STATES, 66021','(813) 209-6146'),('J-86468134-7','Millie Hall','9344 68TH, FRESNO, CALIFORNIA, UNITED STATES, 93016','(815) 609-2921'),('J-86881524-3','Wesley Crawford','8979 OAK PARK, FORT COLLINS, COLORADO, UNITED STATES, 80593','(567) 869-0343'),('J-87725672-7','Talia Cortez','3519 SHERWIN, STERLING HEIGHTS, MICHIGAN, UNITED STATES, 48312','(480) 775-4766'),('J-88424408-6','Delilah Todd','7231 CHICAGO SKYWAY 87TH ST, YONKERS, NEW YORK, UNITED STATES, 10779','(423) 962-5864'),('J-89653737-3','Danna Garcia','8308 CHALMERS, ST. PETERSBURG, FLORIDA, UNITED STATES, 33780','(567) 496-3716'),('J-90172517-4','Lexie Wilkinson','3163 REDFIELD, FONTANA, CALIFORNIA, UNITED STATES, 92334','(678) 442-1100'),('J-92518848-1','Corban Fields','7624 ALLPORT, WARREN, MICHIGAN, UNITED STATES, 48013','(909) 502-6237'),('J-92688877-5','Jasper Fletcher','3318 BURNHAM HARBOR, FORT WORTH, TEXAS, UNITED STATES, 76897','(801) 728-8800'),('J-93235876-3','Kaeden Maxwell','3218 GLENROY, PLANO, TEXAS, UNITED STATES, 75868','(334) 821-4161'),('J-93305565-0','Aydin Roberts','3007 IMLAY, KANSAS CITY, KANSAS, UNITED STATES, 66063','(917) 101-6751'),('J-94334956-4','Lilyana Dunn','9582 BERENICE, WICHITA, KANSAS, UNITED STATES, 67619','(916) 142-2687'),('J-95036984-8','Taylor Roberts','8700 DAN RYAN 47TH ST, PROVIDENCE, RHODE ISLAND, UNITED STATES, 02839','(716) 271-6330'),('J-95143942-6','Penelope Larsen','6924 76TH ST FORD CITY, OXNARD, CALIFORNIA, UNITED STATES, 93080','(605) 971-0841'),('J-95618782-0','Kaia Keith','9524 ROCKWELL, BAKERSFIELD, CALIFORNIA, UNITED STATES, 93734','(941) 147-0042'),('J-95959686-4','Timothy Hale','9325 126TH, CINCINNATI, OHIO, UNITED STATES, 45242','(770) 600-3542'),('J-97809944-5','Annalise Wiggins','6687 FORD CITY, COLORADO SPRINGS, COLORADO, UNITED STATES, 80271','(801) 178-8363'),('J-98554167-9','Genesis Obrien','2082 GULLIKSON, NASHVILLE, TENNESSEE, UNITED STATES, 37918 ','(609) 708-2132'),('J-99039922-7','Romeo Marshall','5841 PHILLIPS, BOISE CITY, IDAHO, UNITED STATES, 83764','(971) 557-1919'),('J-99053051-8','Demarcus Caldwell','2731 KENNEDY OHIO FEEDER, PORTLAND, OREGON, UNITED STATES, 97522','(256) 108-6573');

CREATE TABLE `factura` (
  `id` integer NOT NULL PRIMARY KEY  AUTOINCREMENT,
  `rif_cliente` text DEFAULT NULL,
  `control` integer DEFAULT NULL,
  `fecha` text DEFAULT NULL,
  `monto` float DEFAULT NULL,
  `iva` float DEFAULT NULL,
  `monto_impuesto` float DEFAULT NULL,
  `total_final` float DEFAULT NULL,
   FOREIGN KEY (`rif_cliente`) REFERENCES `cliente` (`rif`)
) ;

INSERT INTO `factura` VALUES (1,'J-04335834-0',1,'2015-05-25',100000,12,12000,112000),(2,'J-07597112-3',2,'2015-05-01',50000,12,6000,56000),(3,'J-25088954-7',3,'2016-12-20',40000,12,4800,44800),(4,'J-59826586-3',4,'2016-04-25',135000,12,16200,151200),(5,'J-76030410-9',5,'2017-11-20',65000,12,7800,72800),(6,'J-44231574-5',6,'2017-12-20',50000,12,6000,56000),(7,'J-98554167-9',7,'2017-01-20',150000,16,24000,174000),(8,'J-57167997-8',8,'2017-01-25',100000,12,12000,112000),(9,'J-92688877-5',9,'2017-01-15',45000,16,7200,52200),(10,'J-24550113-6',10,'2017-01-19',25000,12,3000,28000),(11,'J-57653210-1',11,'2017-01-11',50000,12,6000,56000),(12,'J-34104373-2',12,'2017-01-09',68000,16,10880,78880),(13,'J-57167997-8',13,'2017-01-18',40000,12,4800,44800),(14,'J-33441759-3',14,'2017-01-24',145000,12,17400,162400),(15,'J-71517469-9',15,'2017-01-08',40000,12,4800,44800),(16,'J-01850994-7',16,'2017-01-29',145000,12,17400,162400),(17,'J-73001090-0',17,'2017-01-05',57000,16,9120,66120),(18,'J-58509560-7',18,'2017-01-28',125000,16,20000,145000),(19,'J-24550113-6',19,'2017-01-01',163000,16,26080,189080),(20,'J-20884287-8',20,'2017-01-01',25000,12,3000,28000),(21,'J-55584952-4',21,'2017-01-14',120000,12,14400,134400),(22,'J-54266235-1',22,'2017-01-01',50000,12,6000,56000),(23,'J-85530125-6',23,'2017-01-10',184000,16,29440,213440),(24,'J-20884287-8',24,'2017-01-09',164000,16,26240,190240),(25,'J-62330749-3',25,'2017-01-08',90000,12,10800,100800),(26,'J-60779598-5',26,'2017-01-13',95000,12,11400,106400);

CREATE TABLE `iva` (
  `id` integer NOT NULL,
  `alicuota` float DEFAULT NULL,
  `tipo` text DEFAULT NULL,
  PRIMARY KEY (`id`)
) ;
INSERT INTO `iva` VALUES (1,12,'GENERAL'),(2,8,'REDUCIDO'),(3,16,'ADICIONAL'),(4,0,'EXENTO'),(5,22,'LUJO');

CREATE TABLE `producto` (
  `id` integer NOT NULL PRIMARY KEY  AUTOINCREMENT,
  `descripcion` text DEFAULT NULL,
  `precio` float DEFAULT NULL,
  `unidad` text DEFAULT NULL
) ;
INSERT INTO `producto` VALUES (1,'Correa del tiemopo',50000,'UND'),(2,'Aceite 15w40',50000,'UND'),(3,'Filtro de ACeite Wix 15666',95000,'UND'),(4,'Correa unica',25000,'UND'),(5,'Pila bomba gasolina',40000,'UND');

CREATE TABLE `producto_factura` (
  `id_producto` integer NOT NULL DEFAULT '0',
  `id_factura` integer NOT NULL DEFAULT '0',
  `item` integer DEFAULT NULL,
  `precio` float NOT NULL,
  `cantidad` float NOT NULL,
  PRIMARY KEY (`id_producto`,`id_factura`),
   FOREIGN KEY (`id_factura`) REFERENCES `factura` (`id`),
  FOREIGN KEY (`id_producto`) REFERENCES `producto` (`id`)
);
INSERT INTO `producto_factura` VALUES (1,1,1,50000,1),(1,8,1,50000,1),(1,16,1,50000,1),(1,22,1,50000,1),(1,25,1,50000,1),(2,1,2,50000,1),(2,8,1,50000,1),(2,11,1,50000,1),(2,14,1,50000,1),(3,4,1,95000,1),(3,14,1,95000,1),(3,16,1,95000,1),(3,21,1,95000,1),(3,26,1,95000,1),(4,2,1,25000,2),(4,5,1,25000,1),(4,10,1,25000,1),(4,20,1,25000,1),(4,21,1,25000,1),(5,3,1,40000,1),(5,4,2,40000,1),(5,5,2,40000,1),(5,13,1,40000,1),(5,15,1,40000,1),(5,25,1,40000,1);

CREATE TABLE `proveedor` (
  `idproveedor` integer NOT NULL PRIMARY KEY AUTOINCREMENT,
  `rif` text DEFAULT NULL,
  `nombre_comercial` text DEFAULT NULL,
  `domicilio` text,
  `fecha_regsitro` text DEFAULT NULL,
  `telef` text DEFAULT NULL
) ;
INSERT INTO `proveedor` VALUES (1,'J-85352969-6','Blake Mccarty','2505 DAN RYAN 63RD ST, BAKERSFIELD, CALIFORNIA, UNITED STATES, 93178','2016-02-27','(747) 336-8923'),(2,'J-78475682-9','Billy Maddox','5640 PICARDY, BAKERSFIELD, CALIFORNIA, UNITED STATES, 93535','2011-11-12','(504) 623-6930'),(3,'J-00912704-4','Jorden Mercer','3557 WENDELL, MODESTO, CALIFORNIA, UNITED STATES, 95361','2015-12-24','(404) 145-7026'),(4,'J-69806401-5','Jameson Chang','310 MIDWAY AIRPORT CICERO AVE, VIRGINIA BEACH, VIRGINIA, UNITED STATES, 23894','2013-06-06','(251) 381-6467'),(5,'J-74909466-4','Ali Lopez','7710 EVERETT, CHICAGO, ILLINOIS, UNITED STATES, 60562','2015-09-28','(504) 844-6249'),(6,'J-23102914-4','Weston Roach','412 OHIO FEEDER, CHESAPEAKE, VIRGINIA, UNITED STATES, 23339','2011-09-20','(862) 396-4086'),(7,'J-40980730-4','Lindsey Mcfarland','4962 CUMBERLAND, RALEIGH, NORTH CAROLINA, UNITED STATES, 27860 ','2016-09-07','(787) 264-9676'),(8,'J-24340344-7','Sophia Buck','7532 EISENHOWER OAKLEY BL, NEW HAVEN, CONNECTICUT, UNITED STATES, 06546','2014-02-19','(432) 166-2554'),(9,'J-80739225-5','Chris Newton','988 LOWE, STOCKTON, CALIFORNIA, UNITED STATES, 95482 ','2012-05-06','(714) 457-6447'),(10,'J-51778202-6','Simone Ford','7753 DAN RYAN EISENHOWER, EL PASO, TEXAS, UNITED STATES, 79653','2013-05-08','(657) 874-0235'),(11,'J-04039329-4','Riley Mcguire','6803 OAKVIEW, BOISE CITY, IDAHO, UNITED STATES, 83576','2016-01-10','(212) 333-6234'),(12,'J-73592108-9','Kimber Solis','7392 75TH, ANAHEIM, CALIFORNIA, UNITED STATES, 92833','2013-05-24','(603) 449-1977'),(13,'J-95143942-6','Penelope Larsen','6924 76TH ST FORD CITY, OXNARD, CALIFORNIA, UNITED STATES, 93080','2016-12-16','(605) 971-0841'),(14,'J-48284174-6','Roman Morgan','7362 MICHIGAN LOWER, JACKSONVILLE, FLORIDA, UNITED STATES, 32044','2014-01-23','(458) 339-2685'),(15,'J-66380337-0','Harley Ochoa','1316 BURLEY, LUBBOCK, TEXAS, UNITED STATES, 79374','2012-10-03','(619) 176-6699'),(16,'J-48920612-3','Houston Luna','4855 WACKER LOWER, PROVIDENCE, RHODE ISLAND, UNITED STATES, 02885','2010-05-31','(972) 576-7738'),(17,'J-18336112-1','Salvador Gallegos','2093 SAUGANASH, CINCINNATI, OHIO, UNITED STATES, 45261','2011-02-07','(206) 820-0525'),(18,'J-75343576-9','Charlotte Wiggins','5932 I57 112TH ST, BOISE CITY, IDAHO, UNITED STATES, 83918','2014-04-24','(816) 380-2445'),(19,'J-70055657-2','Alison Castro','5208 LUTHER, FRESNO, CALIFORNIA, UNITED STATES, 93891','2013-04-30','(267) 807-4109'),(20,'J-99053051-8','Demarcus Caldwell','2731 KENNEDY OHIO FEEDER, PORTLAND, OREGON, UNITED STATES, 97522','2015-09-07','(256) 108-6573'),(21,'J-42744896-9','Brooks Hughes','2121 KENNEDY LAKE ST, TALLAHASSEE, FLORIDA, UNITED STATES, 32324','2015-03-15','(760) 613-8175'),(22,'J-53919926-6','Juan Carney','5179 MIES VAN DER ROHE, NASHVILLE, TENNESSEE, UNITED STATES, 37914 ','2016-08-20','(937) 525-1227'),(23,'J-36333586-7','Dominique Delacruz','6483 BITTERSWEET, GAINESVILLE, FLORIDA, UNITED STATES, 32659','2013-06-07','(928) 547-8698'),(24,'J-81780328-8','Mateo Ortega','3100 LEAVITT, MODESTO, CALIFORNIA, UNITED STATES, 95363','2016-08-30','(316) 780-8018'),(25,'J-31791280-1','Lucas Barker','3947 NEWARK, BELLEVUE, WASHINGTON, UNITED STATES, 98082','2014-07-03','(707) 567-1591'),(26,'J-74565903-7','Alyson Cervantes','5292 PINE GROVE, COLUMBUS, GEORGIA, UNITED STATES, 31962','2013-09-09','(386) 827-5548'),(27,'J-67002677-2','Dean Tran','1098 SAYRE, LUBBOCK, TEXAS, UNITED STATES, 79702','2015-02-02','(424) 203-2220'),(28,'J-64937713-9','Josiah Mcgowan','8989 GROVE, SPRINGFIELD, MASSACHUSETTS, UNITED STATES, 01123','2014-06-06','(803) 627-9416'),(29,'J-28918637-2','Jakobe Golden','695 LE MAI, ATLANTA, GEORGIA, UNITED STATES, 30870','2015-05-01','(678) 512-3672'),(30,'J-76813094-4','Adeline Hull','560 CHICAGO SKYWAY 73RD ST, FORT COLLINS, COLORADO, UNITED STATES, 80586','2012-12-20','(570) 352-2182'),(31,'J-52062230-3','Kenzie Reid','2382 KERBS, ST. LOUIS, MISSOURI, UNITED STATES, 63867','2014-08-02','(352) 370-0082'),(32,'J-70751444-1','Brady Gonzales','442 LACEY, NEW ORLEANS, LOUISIANA, UNITED STATES, 70683','2014-06-28','(443) 604-2851'),(33,'J-00942620-1','Jaylyn Baxter','5976 CHANAY, AURORA, COLORADO, UNITED STATES, 80088','2013-06-24','(814) 150-0350'),(34,'J-57813409-3','Lacey Collins','6723 KENNEDY DAMEN AV, ROCKFORD, ILLINOIS, UNITED STATES, 61175','2011-02-18','(561) 450-3613'),(35,'J-29974969-6','Audrina Maldonado','6393 118TH, HOUSTON, TEXAS, UNITED STATES, 70356','2013-06-17','(770) 360-3012'),(36,'J-49626964-8','Brantley Cannon','6876 BIRCHWOOD, SPRINGFIELD, MISSOURI, UNITED STATES, 65718','2014-12-07','(684) 566-3925'),(37,'J-95618782-0','Kaia Keith','9524 ROCKWELL, BAKERSFIELD, CALIFORNIA, UNITED STATES, 93734','2010-12-20','(941) 147-0042'),(38,'J-78236379-2','Jonathon Noble','5110 IBSEN, MADISON, WISCONSIN, UNITED STATES, 53134','2015-10-26','(248) 853-9432'),(39,'J-11303209-4','Dorothy Kirk','4151 WILCOX, NAPERVILLE, ILLINOIS, UNITED STATES, 60415','2016-07-06','(979) 235-4516'),(40,'J-81855313-0','Stella Dennis','5034 N BRANCH CANAL, CHICAGO, ILLINOIS, UNITED STATES, 60806','2014-02-07','(915) 692-8131'),(41,'J-12749044-9','Zayne Stephens','1409 KENNEDY LOGAN BL, GARLAND, TEXAS, UNITED STATES, 75428','2013-05-13','(763) 970-8283'),(42,'J-26514550-3','Romeo Wiggins','3096 ONTARIO, GARLAND, TEXAS, UNITED STATES, 75694','2010-09-07','(989) 302-9768'),(43,'J-24877312-6','Branson Hart','2625 BELDEN, FORT LAUDERDALE, FLORIDA, UNITED STATES, 33879','2013-04-21','(574) 455-4367'),(44,'J-13495899-8','Harold Talley','5836 GRESHAM, SHREVEPORT, LOUISIANA, UNITED STATES, 71127','2011-06-14','(351) 812-5291'),(45,'J-89622625-6','Jaida Stewart','7143 NORFOLK RR ACCESS, LAREDO, TEXAS, UNITED STATES, 78037','2013-10-15','(612) 552-6485'),(46,'J-77664042-7','Liam Benson','3002 HUNTINGTON, CORAL SPRINGS, FLORIDA, UNITED STATES, 33025','2013-02-04','(608) 211-8128'),(47,'J-32768540-5','Kendra Wynn','8070 MCCLELLAN, BELLEVUE, WASHINGTON, UNITED STATES, 98041','2014-06-10','(516) 220-8009'),(48,'J-45488253-7','Weston Saunders','3954 CENTRAL, SEATTLE, WASHINGTON, UNITED STATES, 98903','2014-07-23','(845) 634-4069'),(49,'J-58375297-2','Mallory Gillespie','8648 NORMAL, SYRACUSE, NEW YORK, UNITED STATES, 13226','2015-10-11','(317) 775-5712'),(50,'J-16922144-0','Chase Hendrix','4466 KANST, SIOUX FALLS, SOUTH DAKOTA, UNITED STATES, 57063','2010-03-30','(630) 414-3093'),(51,'J-71729552-8','Desmond Wood','3101 SUTTON, MONTGOMERY, ALABAMA, UNITED STATES, 36174 ','2010-08-27','(540) 755-6237'),(52,'J-08393423-8','Jackson Simpson','7854 MINERVA, BUFFALO, NEW YORK, UNITED STATES, 14252','2011-03-13','(916) 815-4200'),(53,'J-83429937-5','Belen Cooper','143 CROSBY, HOUSTON, TEXAS, UNITED STATES, 70033','2011-08-23','(606) 555-7513'),(54,'J-40433623-5','Joe Kline','8417 43RD, IRVING, TEXAS, UNITED STATES, 75014','2013-12-08','(352) 957-9861'),(55,'J-94608243-6','Aron Valentine','1727 EVANS, SAN FRANCISCO, CALIFORNIA, UNITED STATES, 94216','2016-05-18','(631) 471-4460'),(56,'J-42580526-1','Kara Chaney','9923 KEDZIE, TALLAHASSEE, FLORIDA, UNITED STATES, 32348','2013-07-22','(848) 494-8764'),(57,'J-55764763-4','Scott Oneil','484 ADA, KANSAS CITY, KANSAS, UNITED STATES, 66006','2012-08-28','(252) 341-0262'),(58,'J-25184981-8','Ellis Banks','9785 MERRION, AUSTIN, TEXAS, UNITED STATES, 78641','2014-06-02','(317) 999-9031'),(59,'J-43371610-3','Brock Witt','670 PIPPIN, ELIZABETH, NEW JERSEY, UNITED STATES, 07231','2010-09-28','(239) 553-9660'),(60,'J-75422188-7','Franklin Bush','5253 LORING, WEST VALLEY CITY, UTAH, UNITED STATES, 84050','2012-07-15','(620) 871-0837'),(61,'J-35590075-5','Vanessa Anthony','6815 BELDEN, SAN BERNARDINO, CALIFORNIA, UNITED STATES, 92389','2015-02-09','(657) 377-2585'),(62,'J-47894902-4','Demarcus Waters','8827 CONCORD, TACOMA, WASHINGTON, UNITED STATES, 98096','2015-07-25','(609) 118-5556'),(63,'J-81122206-4','Samiyah Adams','3723 LUTHER, DES MOINES, IOWA, UNITED STATES, 50325','2012-02-04','(980) 776-9385'),(64,'J-32172062-5','Cecilia Carpenter','5116 MARSHFIELD, ST. PETERSBURG, FLORIDA, UNITED STATES, 33760','2013-02-11','(712) 265-9332'),(65,'J-90172517-4','Lexie Wilkinson','3163 REDFIELD, FONTANA, CALIFORNIA, UNITED STATES, 92334','2016-06-12','(678) 442-1100'),(66,'J-59947990-3','Angel Barnett','6504 54TH, CHARLESTON, SOUTH CAROLINA, UNITED STATES, 29405 ','2015-10-26','(671) 999-6074'),(67,'J-27059989-6','Brylee Porter','6915 COMMODORE WHALEN, KENT, WASHINGTON, UNITED STATES, 98032','2013-01-11','(417) 517-1916'),(68,'J-94334956-4','Lilyana Dunn','9582 BERENICE, WICHITA, KANSAS, UNITED STATES, 67619','2011-07-10','(916) 142-2687'),(69,'J-88424408-6','Delilah Todd','7231 CHICAGO SKYWAY 87TH ST, YONKERS, NEW YORK, UNITED STATES, 10779','2015-08-30','(423) 962-5864'),(70,'J-73160942-3','Diamond Hebert','3633 LYNDALE, IRVINE, CALIFORNIA, UNITED STATES, 92671','2013-10-28','(442) 275-7667'),(71,'J-56779407-8','Desmond Frazier','8220 LSD COLUMBUS DR, BOISE CITY, IDAHO, UNITED STATES, 83116','2014-07-03','(309) 310-4431'),(72,'J-48261915-1','Jake Landry','2780 KENNEDY DIVISION ST, HIALEAH, FLORIDA, UNITED STATES, 33042','2016-04-02','(938) 985-6419'),(73,'J-46789463-6','Sadie Harper','4712 DELAWARE, CHARLESTON, SOUTH CAROLINA, UNITED STATES, 29406 ','2010-04-22','(213) 544-2986'),(74,'J-19588820-2','Freddy Campos','5236 NORTHWEST, CHANDLER, ARIZONA, UNITED STATES, 85220','2015-07-02','(216) 636-1778'),(75,'J-34981479-1','Asa Tillman','9529 EDENS, CHARLESTON, SOUTH CAROLINA, UNITED STATES, 29400 ','2013-07-20','(469) 681-6476'),(76,'J-44697864-4','Atticus Clements','2406 KENNEDY, PITTSBURGH, PENNSYLVANIA, UNITED STATES, 15553','2013-10-09','(937) 326-0194'),(77,'J-57163968-1','Flynn Church','6256 SHIELDS, AKRON, OHIO, UNITED STATES, 44371','2015-05-27','(434) 939-9911'),(78,'J-41064154-6','Jessie Figueroa','9166 MCCORMICK PLACE, LONG BEACH, CALIFORNIA, UNITED STATES, 90788 ','2014-02-16','(870) 507-9158'),(79,'J-37163735-2','Daniella Valentine','1953 112TH, BATON ROUGE, LOUISIANA, UNITED STATES, 70195','2011-11-09','(317) 166-5979'),(80,'J-33498191-4','Pierce Eaton','6058 BERKELEY, GLENDALE, ARIZONA, UNITED STATES, 85046','2013-01-04','(563) 759-2246'),(81,'J-02951335-7','Declan Knight','4078 KIONA, JACKSONVILLE, FLORIDA, UNITED STATES, 32523','2012-01-24','(386) 194-1426'),(82,'J-27736500-0','Kamryn Bauer','605 EDENS CALDWELL, AURORA, ILLINOIS, UNITED STATES, 60541','2016-04-14','(512) 123-2437'),(83,'J-60984939-2','Rene Zamora','3806 LEGETT, CORAL SPRINGS, FLORIDA, UNITED STATES, 33049','2012-10-20','(912) 437-5132'),(84,'J-99744457-0','Alexandra English','5290 SCHOOL, OXNARD, CALIFORNIA, UNITED STATES, 93041','2014-03-07','(218) 649-1341'),(85,'J-36377129-1','Stacy Figueroa','403 HUMBOLDT, WICHITA, KANSAS, UNITED STATES, 67783','2012-08-20','(409) 299-6149'),(86,'J-19764616-0','Bryn Wilkinson','2041 PONCHARTRAIN, NEW YORK, NEW YORK, UNITED STATES, 10835','2014-07-29','(351) 943-3873'),(87,'J-23581478-7','Madilynn Wheeler','3232 INDIANAPOLIS, PEORIA, ILLINOIS, UNITED STATES, 61563','2010-12-20','(956) 116-8467'),(88,'J-48000602-7','Niko Pace','3888 GORDON, FARGO, NORTH DAKOTA, UNITED STATES, 58037','2010-04-11','(478) 578-0087'),(89,'J-45126367-1','Blaine Owens','9099 MCCUTCHEON, PROVO, UTAH, UNITED STATES, 84038','2014-10-17','(704) 139-7041'),(90,'J-59302576-7','Angelique Campos','7115 ROCHDALE, DURHAM, NORTH CAROLINA, UNITED STATES, 27420 ','2010-01-09','(773) 641-8863'),(91,'J-37148199-1','Jackson Sweet','5686 MARCEY, BRIDGEPORT, CONNECTICUT, UNITED STATES, 06631','2010-01-06','(802) 338-5721'),(92,'J-43980207-1','Raphael Cash','9815 RIVERDALE, YONKERS, NEW YORK, UNITED STATES, 10741','2010-07-10','(770) 970-2831'),(93,'J-85646545-4','Kaiden Joyce','7337 ABBOTT, NEW YORK, NEW YORK, UNITED STATES, 10312','2010-05-14','(252) 988-9093'),(94,'J-60603549-6','Izayah Rasmussen','9776 LAWRENCE, NEWARK, NEW JERSEY, UNITED STATES, 07103','2014-09-11','(224) 641-5731'),(95,'J-75892745-8','Lindsey Livingston','4465 OGLESBY, SURPRISE, ARIZONA, UNITED STATES, 85335','2016-03-23','(618) 696-4152'),(96,'J-95036984-8','Taylor Roberts','8700 DAN RYAN 47TH ST, PROVIDENCE, RHODE ISLAND, UNITED STATES, 02839','2011-05-04','(716) 271-6330'),(97,'J-18552894-2','Elena Soto','1344 URBAN, PITTSBURGH, PENNSYLVANIA, UNITED STATES, 15650','2010-02-01','(949) 321-7185'),(98,'J-32656067-6','Victoria Morin','2017 POSTOFFICE, NEW HAVEN, CONNECTICUT, UNITED STATES, 06586','2015-03-24','(623) 297-3396'),(99,'J-47962906-2','Mayson Rich','6389 COTTAGE, BATON ROUGE, LOUISIANA, UNITED STATES, 70311','2012-04-29','(803) 308-2478'),(100,'J-75947231-0','Michelle Hoffman','8542 HOLLETT, BATON ROUGE, LOUISIANA, UNITED STATES, 70245','2016-05-26','(510) 754-9571');

